domain,source_url,source_type,added_by,added_at
handmade-nz.com,https://www.eachspy.com/shopify/handmade-stores/,directory,cursor-research-agent,2026-09-09
handmade-studio.com,https://www.eachspy.com/shopify/handmade-stores/,directory,cursor-research-agent,2026-09-09
handmade-rugs.in,https://www.eachspy.com/shopify/handmade-stores/,directory,cursor-research-agent,2026-09-09
handmade-amsterdam.nl,https://www.eachspy.com/shopify/handmade-stores/,directory,cursor-research-agent,2026-09-09
handmade-jewelry.store,https://www.eachspy.com/shopify/handmade-stores/,directory,cursor-research-agent,2026-09-09
handmade-haven.com,https://www.eachspy.com/shopify/handmade-stores/,directory,cursor-research-agent,2026-09-09
handmade-furniture.co.uk,https://www.eachspy.com/shopify/handmade-stores/,directory,cursor-research-agent,2026-09-09
handmade-club.com,https://www.eachspy.com/shopify/handmade-stores/,directory,cursor-research-agent,2026-09-09
handmade-de.com,https://www.eachspy.com/shopify/handmade-stores/,directory,cursor-research-agent,2026-09-09
handmade-factory.de,https://www.eachspy.com/shopify/handmade-stores/,directory,cursor-research-agent,2026-09-09
shopbeebalm.com,https://www.eachspy.com/shopify/handmade-stores/,directory,cursor-research-agent,2026-09-09
venilals.com,https://www.eachspy.com/shopify/handmade-stores/,directory,cursor-research-agent,2026-09-09
candles-creations.com,https://www.eachspy.com/shopify/candles-stores/,directory,cursor-research-agent,2026-09-09
cakebase.com.au,https://www.eachspy.com/shopify/candles-stores/,directory,cursor-research-agent,2026-09-09
laurelandblush.com,https://www.eachspy.com/shopify/candles-stores/,directory,cursor-research-agent,2026-09-09
thecrockeryhut.com,https://www.eachspy.com/shopify/candles-stores/,directory,cursor-research-agent,2026-09-09
bathhousesoap.com,https://www.eachspy.com/shopify/candles-stores/,directory,cursor-research-agent,2026-09-09
shu-ibiza.com,https://www.eachspy.com/shopify/candles-stores/,directory,cursor-research-agent,2026-09-09
ener-chi.co.uk,https://www.eachspy.com/shopify/candles-stores/,directory,cursor-research-agent,2026-09-09
modernfavors.com,https://www.eachspy.com/shopify/candles-stores/,directory,cursor-research-agent,2026-09-09
abitterfeeling.com,https://www.eachspy.com/shopify/candles-stores/,directory,cursor-research-agent,2026-09-09
goodandwellsupplyco.com,https://www.eachspy.com/shopify/candles-stores/,directory,cursor-research-agent,2026-09-09
mermaizingscents.com,https://www.eachspy.com/shopify/candles-stores/,directory,cursor-research-agent,2026-09-09
mauandmau.com,https://www.eachspy.com/shopify/candles-stores/,directory,cursor-research-agent,2026-09-09
caramelcattle.com,https://www.eachspy.com/shopify/candles-stores/,directory,cursor-research-agent,2026-09-09
uniseoul.in,https://www.eachspy.com/shopify/stationery-stores/,directory,cursor-research-agent,2026-09-09
grabieart.com,https://www.eachspy.com/shopify/stationery-stores/,directory,cursor-research-agent,2026-09-09
maisonjoliette.fr,https://www.eachspy.com/shopify/stationery-stores/,directory,cursor-research-agent,2026-09-09
kinsfolkshop.com,https://www.eachspy.com/shopify/stationery-stores/,directory,cursor-research-agent,2026-09-09
twinkleglory.com.au,https://www.eachspy.com/shopify/stationery-stores/,directory,cursor-research-agent,2026-09-09
tokyopens.co,https://www.eachspy.com/shopify/stationery-stores/,directory,cursor-research-agent,2026-09-09
havilahprintingco.com,https://www.eachspy.com/shopify/stationery-stores/,directory,cursor-research-agent,2026-09-09
papierdamour.com.au,https://www.eachspy.com/shopify/stationery-stores/,directory,cursor-research-agent,2026-09-09
finki.com.au,https://www.eachspy.com/shopify/stationery-stores/,directory,cursor-research-agent,2026-09-09
blusparkle.com,https://www.eachspy.com/shopify/stationery-stores/,directory,cursor-research-agent,2026-09-09
fleurishllp.com,https://www.eachspy.com/shopify/stationery-stores/,directory,cursor-research-agent,2026-09-09
stovallcollection.com,https://www.eachspy.com/shopify/stationery-stores/,directory,cursor-research-agent,2026-09-09
wildflostudio.com,https://allinsider.net/shopify-dawn-theme-examples/,theme_showcase,cursor-research-agent,2026-09-09
yellowbeauty.com,https://allinsider.net/shopify-dawn-theme-examples/,theme_showcase,cursor-research-agent,2026-09-09
harathelabel.com,https://allinsider.net/shopify-dawn-theme-examples/,theme_showcase,cursor-research-agent,2026-09-09
