domain,added_at,panel_version
handmade-furniture.co.uk,2026-09-09T06:38:52Z,v1
yellowbeauty.com,2026-09-09T06:38:52Z,v1
handmade-de.com,2026-09-09T06:38:52Z,v1
wildflostudio.com,2026-09-09T06:38:52Z,v1
havilahprintingco.com,2026-09-09T06:38:52Z,v1
handmade-factory.de,2026-09-09T06:38:52Z,v1
abitterfeeling.com,2026-09-09T06:38:52Z,v1
handmade-rugs.in,2026-09-09T06:38:52Z,v1
shu-ibiza.com,2026-09-09T06:38:52Z,v1
handmade-club.com,2026-09-09T06:38:52Z,v1
candles-creations.com,2026-09-09T06:38:52Z,v1
handmade-jewelry.store,2026-09-09T06:38:52Z,v1
handmade-haven.com,2026-09-09T06:38:52Z,v1
bathhousesoap.com,2026-09-09T06:38:52Z,v1
mauandmau.com,2026-09-09T06:38:52Z,v1
mermaizingscents.com,2026-09-09T06:38:52Z,v1
harathelabel.com,2026-09-09T06:38:52Z,v1
caramelcattle.com,2026-09-09T06:38:52Z,v1
handmade-nz.com,2026-09-09T06:38:52Z,v1
thecrockeryhut.com,2026-09-09T06:38:52Z,v1
grabieart.com,2026-09-09T06:38:52Z,v1
ener-chi.co.uk,2026-09-09T06:38:52Z,v1
uniseoul.in,2026-09-09T06:38:52Z,v1
laurelandblush.com,2026-09-09T06:38:52Z,v1
venilals.com,2026-09-09T06:38:52Z,v1
kinsfolkshop.com,2026-09-09T06:38:52Z,v1
modernfavors.com,2026-09-09T06:38:52Z,v1
papierdamour.com.au,2026-09-09T06:38:52Z,v1
handmade-amsterdam.nl,2026-09-09T06:38:52Z,v1
maisonjoliette.fr,2026-09-09T06:38:52Z,v1
tokyopens.co,2026-09-09T06:38:52Z,v1
finki.com.au,2026-09-09T06:38:52Z,v1
cakebase.com.au,2026-09-09T06:38:52Z,v1
goodandwellsupplyco.com,2026-09-09T06:38:52Z,v1
stovallcollection.com,2026-09-09T06:38:52Z,v1
twinkleglory.com.au,2026-09-09T06:38:52Z,v1
fleurishllp.com,2026-09-09T06:38:52Z,v1
shopbeebalm.com,2026-09-09T06:38:52Z,v1
handmade-studio.com,2026-09-09T06:38:52Z,v1
blusparkle.com,2026-09-09T06:38:52Z,v1
